{
"lengthUnit": "mil",
"components": {
	"fields": ["COMPONENT_NO", "COMPONENT_NAME", "LAYER", "X_COORDINATE", "Y_COORDINATE", "ANGLE"],
	"rows": [
		[1, "U2", "T", 3630, -180, 0],
		[2, "U5", "B", 3636.32, 149.43, 180]
	]
},
"pins": {
	"fields": ["PIN_NO", "PIN_NAME", "PIN_X", "PIN_Y", "LAYER", "PIN_TYPE", "NET_NAME", "NET_TYPE", "PAD_SHAPE", "PAD_SIZEX", "PAD_SIZEY", "HOLE_SIZE", "PAD_ANGLE"],
	"rows": [
		[1, "U2_1", 3246.14, -227.25, "T", "SMD", "5V", "", "R", 19.68, 62.99, 0, 0],
		[2, "U2_2", 3265.83, -132.75, "T", "SMD", "5V", "", "R", 19.68, 62.99, 0, 0],
		[3, "U2_3", 3285.51, -227.25, "T", "SMD", "GND", "GND", "R", 19.68, 62.99, 0, 0],
		[4, "U2_4", 3305.2, -132.75, "T", "SMD", "TXD", "", "R", 19.68, 62.99, 0, 0],
		[5, "U2_5", 3324.88, -227.25, "T", "SMD", "RXD", "", "R", 19.68, 62.99, 0, 0],
		[6, "U2_6", 3344.57, -132.75, "T", "SMD", "GPIO.1", "", "R", 19.68, 62.99, 0, 0],
		[7, "U2_7", 3364.25, -227.25, "T", "SMD", "GND", "GND", "R", 19.68, 62.99, 0, 0],
		[8, "U2_8", 3383.94, -132.75, "T", "SMD", "GPIO.4", "", "R", 19.68, 62.99, 0, 0],
		[9, "U2_9", 3403.62, -227.25, "T", "SMD", "GPIO.5", "", "R", 19.68, 62.99, 0, 0],
		[10, "U2_10", 3423.31, -132.75, "T", "SMD", "GND", "GND", "R", 19.68, 62.99, 0, 0],
		[11, "U2_11", 3442.99, -227.25, "T", "SMD", "GPIO.6", "", "R", 19.68, 62.99, 0, 0],
		[12, "U2_12", 3462.68, -132.75, "T", "SMD", "CE0", "", "R", 19.68, 62.99, 0, 0],
		[13, "U2_13", 3482.36, -227.25, "T", "SMD", "CE1", "", "R", 19.68, 62.99, 0, 0],
		[14, "U2_14", 3502.05, -132.75, "T", "SMD", "SCL.0", "", "R", 19.68, 62.99, 0, 0],
		[15, "U2_15", 3521.73, -227.25, "T", "SMD", "GND", "GND", "R", 19.68, 62.99, 0, 0],
		[16, "U2_16", 3541.42, -132.75, "T", "SMD", "GPIO.26", "", "R", 19.68, 62.99, 0, 0],
		[17, "U2_17", 3561.1, -227.25, "T", "SMD", "GND", "GND", "R", 19.68, 62.99, 0, 0],
		[18, "U2_18", 3580.79, -132.75, "T", "SMD", "GPIO.27", "", "R", 19.68, 62.99, 0, 0],
		[19, "U2_19", 3600.47, -227.25, "T", "SMD", "GPIO.28", "", "R", 19.68, 62.99, 0, 0],
		[20, "U2_20", 3620.16, -132.75, "T", "SMD", "GPIO.29", "", "R", 19.68, 62.99, 0, 0],
		[21, "U2_21", 3639.84, -227.25, "T", "SMD", "3.3V", "", "R", 19.68, 62.99, 0, 0],
		[22, "U2_22", 3659.53, -132.75, "T", "SMD", "SDA.1", "", "R", 19.68, 62.99, 0, 0],
		[23, "U2_23", 3679.21, -227.25, "T", "SMD", "SCL.1", "", "R", 19.68, 62.99, 0, 0],
		[24, "U2_24", 3698.9, -132.75, "T", "SMD", "GPIO.7", "", "R", 19.68, 62.99, 0, 0],
		[25, "U2_25", 3718.58, -227.25, "T", "SMD", "GND", "GND", "R", 19.68, 62.99, 0, 0],
		[26, "U2_26", 3738.27, -132.75, "T", "SMD", "GPIO.0", "", "R", 19.68, 62.99, 0, 0],
		[27, "U2_27", 3757.95, -227.25, "T", "SMD", "GPIO.2", "", "R", 19.68, 62.99, 0, 0],
		[28, "U2_28", 3777.64, -132.75, "T", "SMD", "GPIO.3", "", "R", 19.68, 62.99, 0, 0],
		[29, "U2_29", 3797.32, -227.25, "T", "SMD", "3.3V", "", "R", 19.68, 62.99, 0, 0],
		[30, "U2_30", 3817.01, -132.75, "T", "SMD", "MOSI", "", "R", 19.68, 62.99, 0, 0],
		[31, "U2_31", 3836.69, -227.25, "T", "SMD", "MISO", "", "R", 19.68, 62.99, 0, 0],
		[32, "U2_32", 3856.38, -132.75, "T", "SMD", "SCLK", "", "R", 19.68, 62.99, 0, 0],
		[33, "U2_33", 3876.06, -227.25, "T", "SMD", "GND", "GND", "R", 19.68, 62.99, 0, 0],
		[34, "U2_34", 3895.75, -132.75, "T", "SMD", "SDA.0", "", "R", 19.68, 62.99, 0, 0],
		[35, "U2_35", 3915.43, -227.25, "T", "SMD", "GPIO.21", "", "R", 19.68, 62.99, 0, 0],
		[36, "U2_36", 3935.12, -132.75, "T", "SMD", "GPIO.22", "", "R", 19.68, 62.99, 0, 0],
		[37, "U2_37", 3954.8, -227.25, "T", "SMD", "GPIO.23", "", "R", 19.68, 62.99, 0, 0],
		[38, "U2_38", 3974.49, -132.75, "T", "SMD", "GPIO.24", "", "R", 19.68, 62.99, 0, 0],
		[39, "U2_39", 3994.17, -227.25, "T", "SMD", "GPIO.25", "", "R", 19.68, 62.99, 0, 0],
		[40, "U2_40", 4013.86, -132.75, "T", "SMD", "GND", "GND", "R", 19.68, 62.99, 0, 0],
		[41, "U2_41", 4078.82, -180, "T", "SMD", "GND", "GND", "R", 70.87, 157.48, 0, 0],
		[42, "U2_42", 3181.18, -180, "T", "SMD", "GND", "GND", "R", 70.87, 157.48, 0, 0],
		[43, "U5_1", 2686.32, 99.43, "T", "DIP", "3.3V", "", "R", 62.99, 62.99, 39.37, 180],
		[44, "U5_1", 2686.32, 99.43, "B", "DIP", "3.3V", "", "R", 62.99, 62.99, 39.37, 180],
		[45, "U5_2", 2686.32, 199.43, "T", "DIP", "5V", "", "C", 62.99, 62.99, 39.37, 180],
		[46, "U5_2", 2686.32, 199.43, "B", "DIP", "5V", "", "C", 62.99, 62.99, 39.37, 180],
		[47, "U5_3", 2786.32, 99.43, "T", "DIP", "SDA.1", "", "C", 62.99, 62.99, 39.37, 180],
		[48, "U5_3", 2786.32, 99.43, "B", "DIP", "SDA.1", "", "C", 62.99, 62.99, 39.37, 180],
		[49, "U5_4", 2786.32, 199.43, "T", "DIP", "5V", "", "C", 62.99, 62.99, 39.37, 180],
		[50, "U5_4", 2786.32, 199.43, "B", "DIP", "5V", "", "C", 62.99, 62.99, 39.37, 180],
		[51, "U5_5", 2886.32, 99.43, "T", "DIP", "SCL.1", "", "C", 62.99, 62.99, 39.37, 180],
		[52, "U5_5", 2886.32, 99.43, "B", "DIP", "SCL.1", "", "C", 62.99, 62.99, 39.37, 180],
		[53, "U5_6", 2886.32, 199.43, "T", "DIP", "GND", "GND", "C", 62.99, 62.99, 39.37, 180],
		[54, "U5_6", 2886.32, 199.43, "B", "DIP", "GND", "GND", "C", 62.99, 62.99, 39.37, 180],
		[55, "U5_7", 2986.32, 99.43, "T", "DIP", "GPIO.7", "", "C", 62.99, 62.99, 39.37, 180],
		[56, "U5_7", 2986.32, 99.43, "B", "DIP", "GPIO.7", "", "C", 62.99, 62.99, 39.37, 180],
		[57, "U5_8", 2986.32, 199.43, "T", "DIP", "TXD", "", "C", 62.99, 62.99, 39.37, 180],
		[58, "U5_8", 2986.32, 199.43, "B", "DIP", "TXD", "", "C", 62.99, 62.99, 39.37, 180],
		[59, "U5_9", 3086.32, 99.43, "T", "DIP", "GND", "GND", "C", 62.99, 62.99, 39.37, 180],
		[60, "U5_9", 3086.32, 99.43, "B", "DIP", "GND", "GND", "C", 62.99, 62.99, 39.37, 180],
		[61, "U5_10", 3086.32, 199.43, "T", "DIP", "RXD", "", "C", 62.99, 62.99, 39.37, 180],
		[62, "U5_10", 3086.32, 199.43, "B", "DIP", "RXD", "", "C", 62.99, 62.99, 39.37, 180],
		[63, "U5_11", 3186.32, 99.43, "T", "DIP", "GPIO.0", "", "C", 62.99, 62.99, 39.37, 180],
		[64, "U5_11", 3186.32, 99.43, "B", "DIP", "GPIO.0", "", "C", 62.99, 62.99, 39.37, 180],
		[65, "U5_12", 3186.32, 199.43, "T", "DIP", "GPIO.1", "", "C", 62.99, 62.99, 39.37, 180],
		[66, "U5_12", 3186.32, 199.43, "B", "DIP", "GPIO.1", "", "C", 62.99, 62.99, 39.37, 180],
		[67, "U5_13", 3286.32, 99.43, "T", "DIP", "GPIO.2", "", "C", 62.99, 62.99, 39.37, 180],
		[68, "U5_13", 3286.32, 99.43, "B", "DIP", "GPIO.2", "", "C", 62.99, 62.99, 39.37, 180],
		[69, "U5_14", 3286.32, 199.43, "T", "DIP", "GND", "GND", "C", 62.99, 62.99, 39.37, 180],
		[70, "U5_14", 3286.32, 199.43, "B", "DIP", "GND", "GND", "C", 62.99, 62.99, 39.37, 180],
		[71, "U5_15", 3386.32, 99.43, "T", "DIP", "GPIO.3", "", "C", 62.99, 62.99, 39.37, 180],
		[72, "U5_15", 3386.32, 99.43, "B", "DIP", "GPIO.3", "", "C", 62.99, 62.99, 39.37, 180],
		[73, "U5_16", 3386.32, 199.43, "T", "DIP", "GPIO.4", "", "C", 62.99, 62.99, 39.37, 180],
		[74, "U5_16", 3386.32, 199.43, "B", "DIP", "GPIO.4", "", "C", 62.99, 62.99, 39.37, 180],
		[75, "U5_17", 3486.32, 99.43, "T", "DIP", "3.3V", "", "C", 62.99, 62.99, 39.37, 180],
		[76, "U5_17", 3486.32, 99.43, "B", "DIP", "3.3V", "", "C", 62.99, 62.99, 39.37, 180],
		[77, "U5_18", 3486.32, 199.43, "T", "DIP", "GPIO.5", "", "C", 62.99, 62.99, 39.37, 180],
		[78, "U5_18", 3486.32, 199.43, "B", "DIP", "GPIO.5", "", "C", 62.99, 62.99, 39.37, 180],
		[79, "U5_19", 3586.32, 99.43, "T", "DIP", "MOSI", "", "C", 62.99, 62.99, 39.37, 180],
		[80, "U5_19", 3586.32, 99.43, "B", "DIP", "MOSI", "", "C", 62.99, 62.99, 39.37, 180],
		[81, "U5_20", 3586.32, 199.43, "T", "DIP", "GND", "GND", "C", 62.99, 62.99, 39.37, 180],
		[82, "U5_20", 3586.32, 199.43, "B", "DIP", "GND", "GND", "C", 62.99, 62.99, 39.37, 180],
		[83, "U5_21", 3686.32, 99.43, "T", "DIP", "MISO", "", "C", 62.99, 62.99, 39.37, 180],
		[84, "U5_21", 3686.32, 99.43, "B", "DIP", "MISO", "", "C", 62.99, 62.99, 39.37, 180],
		[85, "U5_22", 3686.32, 199.43, "T", "DIP", "GPIO.6", "", "C", 62.99, 62.99, 39.37, 180],
		[86, "U5_22", 3686.32, 199.43, "B", "DIP", "GPIO.6", "", "C", 62.99, 62.99, 39.37, 180],
		[87, "U5_23", 3786.32, 99.43, "T", "DIP", "SCLK", "", "C", 62.99, 62.99, 39.37, 180],
		[88, "U5_23", 3786.32, 99.43, "B", "DIP", "SCLK", "", "C", 62.99, 62.99, 39.37, 180],
		[89, "U5_24", 3786.32, 199.43, "T", "DIP", "CE0", "", "C", 62.99, 62.99, 39.37, 180],
		[90, "U5_24", 3786.32, 199.43, "B", "DIP", "CE0", "", "C", 62.99, 62.99, 39.37, 180],
		[91, "U5_25", 3886.32, 99.43, "T", "DIP", "GND", "GND", "C", 62.99, 62.99, 39.37, 180],
		[92, "U5_25", 3886.32, 99.43, "B", "DIP", "GND", "GND", "C", 62.99, 62.99, 39.37, 180],
		[93, "U5_26", 3886.32, 199.43, "T", "DIP", "CE1", "", "C", 62.99, 62.99, 39.37, 180],
		[94, "U5_26", 3886.32, 199.43, "B", "DIP", "CE1", "", "C", 62.99, 62.99, 39.37, 180],
		[95, "U5_27", 3986.32, 99.43, "T", "DIP", "SDA.0", "", "C", 62.99, 62.99, 39.37, 180],
		[96, "U5_27", 3986.32, 99.43, "B", "DIP", "SDA.0", "", "C", 62.99, 62.99, 39.37, 180],
		[97, "U5_28", 3986.32, 199.43, "T", "DIP", "SCL.0", "", "C", 62.99, 62.99, 39.37, 180],
		[98, "U5_28", 3986.32, 199.43, "B", "DIP", "SCL.0", "", "C", 62.99, 62.99, 39.37, 180],
		[99, "U5_29", 4086.32, 99.43, "T", "DIP", "GPIO.21", "", "C", 62.99, 62.99, 39.37, 180],
		[100, "U5_29", 4086.32, 99.43, "B", "DIP", "GPIO.21", "", "C", 62.99, 62.99, 39.37, 180],
		[101, "U5_30", 4086.32, 199.43, "T", "DIP", "GND", "GND", "C", 62.99, 62.99, 39.37, 180],
		[102, "U5_30", 4086.32, 199.43, "B", "DIP", "GND", "GND", "C", 62.99, 62.99, 39.37, 180],
		[103, "U5_31", 4186.32, 99.43, "T", "DIP", "GPIO.22", "", "C", 62.99, 62.99, 39.37, 180],
		[104, "U5_31", 4186.32, 99.43, "B", "DIP", "GPIO.22", "", "C", 62.99, 62.99, 39.37, 180],
		[105, "U5_32", 4186.32, 199.43, "T", "DIP", "GPIO.26", "", "C", 62.99, 62.99, 39.37, 180],
		[106, "U5_32", 4186.32, 199.43, "B", "DIP", "GPIO.26", "", "C", 62.99, 62.99, 39.37, 180],
		[107, "U5_33", 4286.32, 99.43, "T", "DIP", "GPIO.23", "", "C", 62.99, 62.99, 39.37, 180],
		[108, "U5_33", 4286.32, 99.43, "B", "DIP", "GPIO.23", "", "C", 62.99, 62.99, 39.37, 180],
		[109, "U5_34", 4286.32, 199.43, "T", "DIP", "GND", "GND", "C", 62.99, 62.99, 39.37, 180],
		[110, "U5_34", 4286.32, 199.43, "B", "DIP", "GND", "GND", "C", 62.99, 62.99, 39.37, 180],
		[111, "U5_35", 4386.32, 99.43, "T", "DIP", "GPIO.24", "", "C", 62.99, 62.99, 39.37, 180],
		[112, "U5_35", 4386.32, 99.43, "B", "DIP", "GPIO.24", "", "C", 62.99, 62.99, 39.37, 180],
		[113, "U5_36", 4386.32, 199.43, "T", "DIP", "GPIO.27", "", "C", 62.99, 62.99, 39.37, 180],
		[114, "U5_36", 4386.32, 199.43, "B", "DIP", "GPIO.27", "", "C", 62.99, 62.99, 39.37, 180],
		[115, "U5_37", 4486.32, 99.43, "T", "DIP", "GPIO.25", "", "C", 62.99, 62.99, 39.37, 180],
		[116, "U5_37", 4486.32, 99.43, "B", "DIP", "GPIO.25", "", "C", 62.99, 62.99, 39.37, 180],
		[117, "U5_38", 4486.32, 199.43, "T", "DIP", "GPIO.28", "", "C", 62.99, 62.99, 39.37, 180],
		[118, "U5_38", 4486.32, 199.43, "B", "DIP", "GPIO.28", "", "C", 62.99, 62.99, 39.37, 180],
		[119, "U5_39", 4586.32, 99.43, "T", "DIP", "GND", "GND", "C", 62.99, 62.99, 39.37, 180],
		[120, "U5_39", 4586.32, 99.43, "B", "DIP", "GND", "GND", "C", 62.99, 62.99, 39.37, 180],
		[121, "U5_40", 4586.32, 199.43, "T", "DIP", "GPIO.29", "", "C", 62.99, 62.99, 39.37, 180],
		[122, "U5_40", 4586.32, 199.43, "B", "DIP", "GPIO.29", "", "C", 62.99, 62.99, 39.37, 180]
	]
}
}