{
"lengthUnit": "mil",
"components": {
	"fields": ["COMPONENT_NO", "COMPONENT_NAME", "LAYER", "X_COORDINATE", "Y_COORDINATE", "ANGLE"],
	"rows": [
		[1, "CN2", "B", 3805, 3505, 90],
		[2, "H1", "T", 4595, 3545, 0],
		[3, "U1", "T", 4720, 3835, 180]
	]
},
"pins": {
	"fields": ["PIN_NO", "PIN_NAME", "PIN_X", "PIN_Y", "LAYER", "PIN_TYPE", "NET_NAME", "NET_TYPE", "PAD_SHAPE", "PAD_SIZEX", "PAD_SIZEY", "HOLE_SIZE", "PAD_ANGLE"],
	"rows": [
		[1, "CN2_1", 3871.93, 3406.58, "B", "SMD", "5V", "", "R", 19.68, 66.93, 0, 90],
		[2, "CN2_2", 3871.93, 3445.95, "B", "SMD", "5V", "", "R", 19.68, 66.93, 0, 90],
		[3, "CN2_3", 3871.93, 3485.32, "B", "SMD", "GND", "GND", "R", 19.68, 66.93, 0, 90],
		[4, "CN2_4", 3871.93, 3524.69, "B", "SMD", "SCL.1", "", "R", 19.68, 66.93, 0, 90],
		[5, "CN2_5", 3871.93, 3564.06, "B", "SMD", "GND", "GND", "R", 19.68, 66.93, 0, 90],
		[6, "CN2_6", 3871.93, 3603.43, "B", "SMD", "SDA.1", "", "R", 19.68, 66.93, 0, 90],
		[7, "CN2_7", 3738.07, 3646.73, "B", "SMD", "CN2_7", "", "R", 47.24, 98.42, 0, 90],
		[8, "CN2_8", 3738.07, 3363.27, "B", "SMD", "CN2_8", "", "R", 47.24, 98.42, 0, 90],
		[9, "H1_1", 4445, 3545, "T", "DIP", "SDA.1", "", "R", 66.93, 66.93, 43.31, 0],
		[10, "H1_1", 4445, 3545, "B", "DIP", "SDA.1", "", "R", 66.93, 66.93, 43.31, 0],
		[11, "H1_2", 4545, 3545, "T", "DIP", "SCL.1", "", "C", 66.93, 66.93, 43.31, 0],
		[12, "H1_2", 4545, 3545, "B", "DIP", "SCL.1", "", "C", 66.93, 66.93, 43.31, 0],
		[13, "H1_3", 4645, 3545, "T", "DIP", "GND", "GND", "C", 66.93, 66.93, 43.31, 0],
		[14, "H1_3", 4645, 3545, "B", "DIP", "GND", "GND", "C", 66.93, 66.93, 43.31, 0],
		[15, "H1_4", 4745, 3545, "T", "DIP", "5V", "", "C", 66.93, 66.93, 43.31, 0],
		[16, "H1_4", 4745, 3545, "B", "DIP", "5V", "", "C", 66.93, 66.93, 43.31, 0],
		[17, "U1_1", 4720, 3835, "T", "DIP", "5V", "", "C", 60, 60, 36, 180],
		[18, "U1_1", 4720, 3835, "B", "DIP", "5V", "", "C", 60, 60, 36, 180],
		[19, "U1_2", 4629.45, 3835, "T", "DIP", "GND", "GND", "C", 60, 60, 36, 180],
		[20, "U1_2", 4629.45, 3835, "B", "DIP", "GND", "GND", "C", 60, 60, 36, 180],
		[21, "U1_3", 4538.9, 3835, "T", "DIP", "SCL.1", "", "C", 60, 60, 36, 180],
		[22, "U1_3", 4538.9, 3835, "B", "DIP", "SCL.1", "", "C", 60, 60, 36, 180],
		[23, "U1_4", 4448.35, 3835, "T", "DIP", "SDA.1", "", "C", 60, 60, 36, 180],
		[24, "U1_4", 4448.35, 3835, "B", "DIP", "SDA.1", "", "C", 60, 60, 36, 180]
	]
}
}