{
"lengthUnit": "mil",
"components": {
	"fields": ["COMPONENT_NO", "COMPONENT_NAME", "LAYER", "X_COORDINATE", "Y_COORDINATE", "ANGLE"],
	"rows": [
		[1, "CN2", "T", 3160, 3350, 270],
		[2, "H1", "T", 450, 2855, 180],
		[3, "U2", "T", 1840, 3625, 0]
	]
},
"pins": {
	"fields": ["PIN_NO", "PIN_NAME", "PIN_X", "PIN_Y", "LAYER", "PIN_TYPE", "NET_NAME", "NET_TYPE", "PAD_SHAPE", "PAD_SIZEX", "PAD_SIZEY", "HOLE_SIZE", "PAD_ANGLE"],
	"rows": [
		[1, "CN2_1", 3226.93, 3448.42, "T", "SMD", "SDA.1", "", "R", 19.68, 66.93, 0, 270],
		[2, "CN2_2", 3226.93, 3409.05, "T", "SMD", "GND", "GND", "R", 19.68, 66.93, 0, 270],
		[3, "CN2_3", 3226.93, 3369.68, "T", "SMD", "SCL.1", "", "R", 19.68, 66.93, 0, 270],
		[4, "CN2_4", 3226.93, 3330.31, "T", "SMD", "GND", "GND", "R", 19.68, 66.93, 0, 270],
		[5, "CN2_5", 3226.93, 3290.94, "T", "SMD", "5V", "", "R", 19.68, 66.93, 0, 270],
		[6, "CN2_6", 3226.93, 3251.57, "T", "SMD", "5V", "", "R", 19.68, 66.93, 0, 270],
		[7, "CN2_7", 3093.07, 3208.27, "T", "SMD", "GND", "GND", "R", 47.24, 98.42, 0, 270],
		[8, "CN2_8", 3093.07, 3491.73, "T", "SMD", "GND", "GND", "R", 47.24, 98.42, 0, 270],
		[9, "H1_1", 500, 2965.24, "T", "SMD", "5V", "", "R", 50, 110.24, 0, 180],
		[10, "H1_2", 500, 2744.76, "T", "SMD", "GND", "GND", "R", 50, 110.24, 0, 180],
		[11, "H1_3", 400, 2965.24, "T", "SMD", "5V", "", "R", 50, 110.24, 0, 180],
		[12, "H1_4", 400, 2744.76, "T", "SMD", "GND", "GND", "R", 50, 110.24, 0, 180],
		[13, "U2_1", 1456.14, 3577.76, "T", "SMD", "5V", "", "R", 19.68, 62.99, 0, 0],
		[14, "U2_2", 1475.83, 3672.24, "T", "SMD", "5V", "", "R", 19.68, 62.99, 0, 0],
		[15, "U2_3", 1495.51, 3577.76, "T", "SMD", "GND", "GND", "R", 19.68, 62.99, 0, 0],
		[16, "U2_4", 1515.2, 3672.24, "T", "SMD", "TXD", "", "R", 19.68, 62.99, 0, 0],
		[17, "U2_5", 1534.88, 3577.76, "T", "SMD", "RXD", "", "R", 19.68, 62.99, 0, 0],
		[18, "U2_6", 1554.57, 3672.24, "T", "SMD", "GPIO.1", "", "R", 19.68, 62.99, 0, 0],
		[19, "U2_7", 1574.25, 3577.76, "T", "SMD", "GND", "GND", "R", 19.68, 62.99, 0, 0],
		[20, "U2_8", 1593.94, 3672.24, "T", "SMD", "GPIO.4", "", "R", 19.68, 62.99, 0, 0],
		[21, "U2_9", 1613.62, 3577.76, "T", "SMD", "GPIO.5", "", "R", 19.68, 62.99, 0, 0],
		[22, "U2_10", 1633.31, 3672.24, "T", "SMD", "GND", "GND", "R", 19.68, 62.99, 0, 0],
		[23, "U2_11", 1652.99, 3577.76, "T", "SMD", "GPIO.6", "", "R", 19.68, 62.99, 0, 0],
		[24, "U2_12", 1672.68, 3672.24, "T", "SMD", "CE0", "", "R", 19.68, 62.99, 0, 0],
		[25, "U2_13", 1692.36, 3577.76, "T", "SMD", "CE1", "", "R", 19.68, 62.99, 0, 0],
		[26, "U2_14", 1712.05, 3672.24, "T", "SMD", "SCL.0", "", "R", 19.68, 62.99, 0, 0],
		[27, "U2_15", 1731.73, 3577.76, "T", "SMD", "GND", "GND", "R", 19.68, 62.99, 0, 0],
		[28, "U2_16", 1751.42, 3672.24, "T", "SMD", "GPIO.26", "", "R", 19.68, 62.99, 0, 0],
		[29, "U2_17", 1771.1, 3577.76, "T", "SMD", "GND", "GND", "R", 19.68, 62.99, 0, 0],
		[30, "U2_18", 1790.79, 3672.24, "T", "SMD", "GPIO.27", "", "R", 19.68, 62.99, 0, 0],
		[31, "U2_19", 1810.47, 3577.76, "T", "SMD", "GPIO.28", "", "R", 19.68, 62.99, 0, 0],
		[32, "U2_20", 1830.16, 3672.24, "T", "SMD", "GPIO.29", "", "R", 19.68, 62.99, 0, 0],
		[33, "U2_21", 1849.84, 3577.76, "T", "SMD", "3.3V", "", "R", 19.68, 62.99, 0, 0],
		[34, "U2_22", 1869.53, 3672.24, "T", "SMD", "SDA.1", "", "R", 19.68, 62.99, 0, 0],
		[35, "U2_23", 1889.21, 3577.76, "T", "SMD", "SCL.1", "", "R", 19.68, 62.99, 0, 0],
		[36, "U2_24", 1908.9, 3672.24, "T", "SMD", "GPIO.7", "", "R", 19.68, 62.99, 0, 0],
		[37, "U2_25", 1928.58, 3577.76, "T", "SMD", "GND", "GND", "R", 19.68, 62.99, 0, 0],
		[38, "U2_26", 1948.27, 3672.24, "T", "SMD", "GPIO.0", "", "R", 19.68, 62.99, 0, 0],
		[39, "U2_27", 1967.95, 3577.76, "T", "SMD", "GPIO.2", "", "R", 19.68, 62.99, 0, 0],
		[40, "U2_28", 1987.64, 3672.24, "T", "SMD", "GPIO.3", "", "R", 19.68, 62.99, 0, 0],
		[41, "U2_29", 2007.32, 3577.76, "T", "SMD", "3.3V", "", "R", 19.68, 62.99, 0, 0],
		[42, "U2_30", 2027.01, 3672.24, "T", "SMD", "MOSI", "", "R", 19.68, 62.99, 0, 0],
		[43, "U2_31", 2046.69, 3577.76, "T", "SMD", "MISO", "", "R", 19.68, 62.99, 0, 0],
		[44, "U2_32", 2066.38, 3672.24, "T", "SMD", "SCLK", "", "R", 19.68, 62.99, 0, 0],
		[45, "U2_33", 2086.06, 3577.76, "T", "SMD", "GND", "GND", "R", 19.68, 62.99, 0, 0],
		[46, "U2_34", 2105.75, 3672.24, "T", "SMD", "SDA.0", "", "R", 19.68, 62.99, 0, 0],
		[47, "U2_35", 2125.43, 3577.76, "T", "SMD", "GPIO.21", "", "R", 19.68, 62.99, 0, 0],
		[48, "U2_36", 2145.12, 3672.24, "T", "SMD", "GPIO.22", "", "R", 19.68, 62.99, 0, 0],
		[49, "U2_37", 2164.8, 3577.76, "T", "SMD", "GPIO.23", "", "R", 19.68, 62.99, 0, 0],
		[50, "U2_38", 2184.49, 3672.24, "T", "SMD", "GPIO.24", "", "R", 19.68, 62.99, 0, 0],
		[51, "U2_39", 2204.17, 3577.76, "T", "SMD", "GPIO.25", "", "R", 19.68, 62.99, 0, 0],
		[52, "U2_40", 2223.86, 3672.24, "T", "SMD", "GND", "GND", "R", 19.68, 62.99, 0, 0],
		[53, "U2_41", 2288.82, 3624.99, "T", "SMD", "GND", "GND", "R", 70.87, 157.48, 0, 0],
		[54, "U2_42", 1391.18, 3624.99, "T", "SMD", "GND", "GND", "R", 70.87, 157.48, 0, 0]
	]
}
}